{
  "test/testsuite.qunit.js.map": 1734863425652,
  "test/integration/opaTests.qunit.js": 1734842497142,
  "test/integration/pages/RisksList.js": 1734842497150,
  "test/integration/pages/RisksObjectPage.js": 1734842497150,
  "test/integration/FirstJourney.js": 1734842497154,
  "test/testsuite.qunit.js": 1734842497134,
  "xs-app.json": 1734863416094,
  "manifest.json": 1734849520746,
  "Component.js": 1734842497106,
  "test/integration/FirstJourney-dbg.js": 1734842497154,
  "test/integration/FirstJourney.js.map": 1734863425649,
  "test/integration/pages/RisksList-dbg.js": 1734842497150,
  "test/integration/pages/RisksList.js.map": 1734863425649,
  "test/integration/pages/RisksObjectPage-dbg.js": 1734842497150,
  "test/integration/pages/RisksObjectPage.js.map": 1734863425649,
  "test/integration/opaTests.qunit-dbg.js": 1734842497142,
  "test/integration/opaTests.qunit.js.map": 1734863425649,
  "test/testsuite.qunit-dbg.js": 1734842497134,
  "i18n/i18n.properties": 1734842502318,
  "Component-dbg.js": 1734842497106,
  "Component.js.map": 1734863425651,
  "Component-preload.js": 1734863425875,
  "Component-preload.js.map": 1734863425875,
  "test/integration/opaTests.qunit.html": 1734842497142,
  "test/testsuite.qunit.html": 1734842497130,
  "test/flpSandbox.html": 1734842497130,
  "index.html": 1734842497110
}